Ventilador Commun,75,70,Electronica
Ventialdor graus360,24,16,Electronica
Ventilador Blanco,50,45,Electronica
Jarra Inox,48,27,Electronica
Jarra Vidrio,48,39,Electronica
Toalla Banho,120,89,Banho
Toalla Rostro,24,0,Banho
DTVX,169,0,Electronica
Fone Shein,3,1,Electronica
Fone c/cabo,200,0,Electronica
Camisa Fem,1000,0,Roupa
Calzinha Fem,100,0,Roupa
Reloj Despertador,52,0,Electronica
Microfone A5-4,92,0,Electronica
Lanterna Pilha AB027,242,0,Electronica
Luz Camping Pilha B2-5,39,0,Electronica
Luz Camping Reccargavel B2-6,6,0,Electronica
Luz Camping c/Ven B2-7,50,0,Electronica
Luz Camping colrido B2-8,9,0,Electronica
Luz Camping c/som B2-9,18,0,Electronica
Balanca de banho AB001,256,0,Electronica
Lanterna X900 AB022,260,0,Electronica
Lnaterna AB021,426,0,Electronica
Luz de Emergencia B3-4,60,0,Electronica
Fone Gaming AB018,184,0,Electronica
Papa Bolinha AB025,38,0,Electronica
Microfone kit A5-3,95,0,Electronica
Luz de Emergencia AB031,165,0,Electronica
Lanterna Tactica AB012,13,0,Electronica
Lanterna Militar B3-2,19,0,Electronica
Lampada c/Sensor AB038,377,0,Electronica
Lampada c/Musica AB033,228,0,Electronica
Aro Luz AB050,169,0,Electronica
Controle PS4 A2-8,130,0,Electronica
Plancha AB041,109,0,Electronica
Reloj Casio,23,0,Electronica
Luz Mesa Abajur,18,0,Electronica
Lanterna de Cabeca B3-1,94,0,Electronica
Lanterna de Cabeca Rec,44,42,Electronica
Camion,14,0,Brinquedos
Jogo Jardin,62,0,Brinquedos
Arma de Agua,69,0,Brinquedos
Piano Drum,20,0,Brinquedos
Jogo de Parede,22,0,Brinquedos
Jogo de Medico,5,0,Brinquedos
Carro c/Iman,7,0,Brinquedos
Carro Montavel c/Controle,18,0,Brinquedos
Telefone,49,0,Brinquedos
Moto Montar,10,0,Brinquedos
Jogo de Ferramentas P,15,0,Brinquedos
Jogo de Ferramentas G,3,0,Brinquedos
Jogo de Memoria,55,0,Brinquedos
Disco,5,0,Brinquedos
Lanterna AB028,81,0,Electronica
Termometro,32,0,Electronica
Cobreleito Solteiro,28,0,Cama
Cobreleito Queen,15,0,Cama
Jogo de Cama Queen (5 pecas),2,0,Cama
Cobreleito King s/Frounhas,9,0,Cama
Cobreleito King c/Frounhas,5,0,Cama
Tapete Infantil P,27,0,Tapete
Tapete Infantil G,3,0,Tapete
Tapete Lisa 2x2.4,2,0,Tapete
Tapete Luxo 1.8x2.5,5,0,Tapete
Tapete Trilho,4,0,Tapete
Tapete Peludo 2x2.4,9,0,Tapete
Tapete Redondo,1,0,Tapete
Tapete Banheiro,30,0,Tapete
Meia Futbol,17,0,Meia
Meia Plush,1,0,Meia
Meia Masculina,200,146,Meia
Meia Femenina,240,51,Meia
Meia Forrada,30,10,Meia
Meia Termica,198,132,Meia
Meia Termica Colorida,60,22,Meia
Meia Corta,30,24,Meia
Cobredom Solteiro,134,133,Cama
Cobredom Casal,180,179,Cama
Caja AB049,1000,688,Som
MK-B12,6,0,Som
MK-B26,3,0,Som
MK-8897,4,0,Som
MK-07,2,0,Som
A1-5,20,0,Som
